record,class,rms,bw_ratio,hf_ratio,pl_ratio,zcr,n
100001,1,269.017613446802,0.0,0.11269577825998645,0.004486022409343795,0.0450281425891182,30008
100001,2,301.20087192547277,0.0,0.12515873881524314,0.0058628981866710814,0.07879924953095685,13422
100001,3,541.898876697298,0.0,0.05520781318444008,0.0029478300102343258,0.06629143214509069,110
