patient_id,seizure_id,segment_type,t0,t1,duration_s,total_power,band_0_5_5_power,band_0_5_5_rel_power,band_5_15_power,band_5_15_rel_power,band_15_40_power,band_15_40_rel_power,rr_mean,rr_std,hr_mean,hr_std,csi,modcsi,slope,modcsi_x_slope
Patient 5,1,seizure,73315.0,73435.0,120.0,178516.70429312447,53407.846031394954,0.29917562192779035,64360.24734247877,0.3605278710321653,21761.020950056412,0.12189907401788469,,,,,,,,
Patient 5,1,baseline,72115.0,72235.0,120.0,45842.91244187807,17735.07197491968,0.3868661703683222,19387.57379040259,0.42291322164539874,6788.145437094896,0.14807404406736255,,,,,,,,
Patient 5,2,seizure,99747.0,99862.0,115.0,441276.06090730027,117094.33158593642,0.26535391778375816,98579.6619387525,0.2233968045673371,37642.68196338648,0.08530415605593922,,,,,,,,
Patient 5,2,baseline,98547.0,98662.0,115.0,74041.4697643266,24128.0160919189,0.32587165231482007,32534.45273608721,0.43940852119284113,9749.42183613914,0.13167515268364433,,,,,,,,
Patient 5,3,seizure,102686.0,102816.0,130.0,946780.851517565,406912.4671619551,0.42978527344498785,66747.06316371166,0.0704989576592354,34221.20183988006,0.03614479716718814,,,,,,,,
Patient 5,3,baseline,101486.0,101616.0,130.0,62334.21789580589,20206.81287132815,0.32416886829485275,25083.310903894937,0.4024003468820718,7122.095130084229,0.11425658924587925,,,,,,,,
