patient_id,seizure_id,segment_type,t0,t1,duration_s,total_power,band_0_5_5_power,band_0_5_5_rel_power,band_5_15_power,band_5_15_rel_power,band_15_40_power,band_15_40_rel_power,rr_mean,rr_std,hr_mean,hr_std,csi,modcsi,slope,modcsi_x_slope
Patient 5,1,seizure,73315.0,73435.0,120.0,178516.70429312432,53407.84603139491,0.29917562192779035,64360.24734247872,0.3605278710321653,21761.020950056398,0.1218990740178847,,,,,,,,
Patient 5,1,baseline,72115.0,72235.0,120.0,45842.91244187803,17735.071974919665,0.38686617036832227,19387.573790402574,0.42291322164539885,6788.145437094891,0.14807404406736258,,,,,,,,
Patient 5,2,seizure,99747.0,99862.0,115.0,441276.0609072998,117094.33158593634,0.2653539177837583,98579.66193875241,0.22339680456733713,37642.68196338645,0.08530415605593923,,,,,,,,
Patient 5,2,baseline,98547.0,98662.0,115.0,74041.46976432654,24128.01609191888,0.32587165231482,32534.452736087187,0.4394085211928412,9749.421836139132,0.13167515268364433,,,,,,,,
Patient 5,3,seizure,102686.0,102816.0,130.0,946780.851517564,406912.4671619547,0.42978527344498785,66747.06316371159,0.0704989576592354,34221.20183988003,0.036144797167188145,,,,,,,,
Patient 5,3,baseline,101486.0,101616.0,130.0,62334.21789580583,20206.812871328137,0.3241688682948528,25083.310903894915,0.4024003468820718,7122.0951300842235,0.11425658924587927,,,,,,,,
